COOPID, YEAR, MONTH, DAY, meanTemp
80211,1931,1,1,-99.90000
80211,1931,1,2,-99.90000
80211,1931,1,3,-99.90000
80211,1931,1,4,-99.90000
80211,1931,1,5,-99.90000
80211,1931,1,6,-99.90000
80211,1931,1,7,-99.90000
80211,1931,1,8,-99.90000
80211,1931,1,9,-99.90000
80211,1931,1,10,-99.90000
80211,1931,1,11,-99.90000
80211,1931,1,12,-99.90000
80211,1931,1,13,-99.90000
80211,1931,1,14,-99.90000
80211,1931,1,15,-99.90000
80211,1931,1,16,-99.90000
80211,1931,1,17,-99.90000
80211,1931,1,18,-99.90000
80211,1931,1,19,-99.90000
80211,1931,1,20,-99.90000
80211,1931,1,21,-99.90000
80211,1931,1,22,-99.90000
80211,1931,1,23,-99.90000
80211,1931,1,24,-99.90000
80211,1931,1,25,-99.90000
80211,1931,1,26,-99.90000
80211,1931,1,27,-99.90000
80211,1931,1,28,-99.90000
80211,1931,1,29,-99.90000
80211,1931,1,30,-99.90000
80211,1931,1,31,-99.90000
80211,1931,2,1,-99.90000
80211,1931,2,2,-99.90000
80211,1931,2,3,-99.90000
80211,1931,2,4,-99.90000
80211,1931,2,5,-99.90000
80211,1931,2,6,-99.90000
80211,1931,2,7,-99.90000
80211,1931,2,8,-99.90000
80211,1931,2,9,-99.90000
80211,1931,2,10,-99.90000
80211,1931,2,11,-99.90000
80211,1931,2,12,-99.90000
80211,1931,2,13,-99.90000
80211,1931,2,14,-99.90000
80211,1931,2,15,-99.90000
80211,1931,2,16,-99.90000
80211,1931,2,17,-99.90000
80211,1931,2,18,-99.90000
80211,1931,2,19,-99.90000
80211,1931,2,20,-99.90000
80211,1931,2,21,-99.90000
80211,1931,2,22,-99.90000
80211,1931,2,23,-99.90000
80211,1931,2,24,-99.90000
80211,1931,2,25,-99.90000
80211,1931,2,26,-99.90000
80211,1931,2,27,-99.90000
80211,1931,2,28,-99.90000
80211,1931,2,29,-99.90000
80211,1931,3,1,65.00000
80211,1931,3,2,55.00000
80211,1931,3,3,50.00000
80211,1931,3,4,46.00000
80211,1931,3,5,48.50000
80211,1931,3,6,53.50000
80211,1931,3,7,63.00000
80211,1931,3,8,51.00000
80211,1931,3,9,47.00000
80211,1931,3,10,47.50000
80211,1931,3,11,55.00000
80211,1931,3,12,58.50000
80211,1931,3,13,57.00000
80211,1931,3,14,62.50000
80211,1931,3,15,65.50000
80211,1931,3,16,55.00000
80211,1931,3,17,51.50000
80211,1931,3,18,54.00000
80211,1931,3,19,58.50000
80211,1931,3,20,59.50000
80211,1931,3,21,60.50000
80211,1931,3,22,54.50000
80211,1931,3,23,57.00000
80211,1931,3,24,60.50000
80211,1931,3,25,64.50000
80211,1931,3,26,60.00000
80211,1931,3,27,64.50000
80211,1931,3,28,62.00000
80211,1931,3,29,54.50000
80211,1931,3,30,55.00000
80211,1931,3,31,58.50000
80211,1931,4,1,52.50000
80211,1931,4,2,57.50000
80211,1931,4,3,64.50000
80211,1931,4,4,67.00000
80211,1931,4,5,62.50000
80211,1931,4,6,56.50000
80211,1931,4,7,58.50000
80211,1931,4,8,63.50000
80211,1931,4,9,60.00000
80211,1931,4,10,61.50000
80211,1931,4,11,65.50000
80211,1931,4,12,67.50000
80211,1931,4,13,65.50000
80211,1931,4,14,66.00000
80211,1931,4,15,65.00000
80211,1931,4,16,67.50000
80211,1931,4,17,69.50000
80211,1931,4,18,67.00000
80211,1931,4,19,67.50000
80211,1931,4,20,70.00000
80211,1931,4,21,69.00000
80211,1931,4,22,63.00000
80211,1931,4,23,58.50000
80211,1931,4,24,63.50000
80211,1931,4,25,70.00000
80211,1931,4,26,73.00000
80211,1931,4,27,69.00000
80211,1931,4,28,66.00000
80211,1931,4,29,66.00000
80211,1931,4,30,67.00000
80211,1931,5,1,70.50000
80211,1931,5,2,72.50000
80211,1931,5,3,73.50000
80211,1931,5,4,70.50000
80211,1931,5,5,74.50000
80211,1931,5,6,74.50000
80211,1931,5,7,74.00000
80211,1931,5,8,71.50000
80211,1931,5,9,77.50000
80211,1931,5,10,73.50000
80211,1931,5,11,71.00000
80211,1931,5,12,69.50000
80211,1931,5,13,64.50000
80211,1931,5,14,67.00000
80211,1931,5,15,68.00000
80211,1931,5,16,70.50000
80211,1931,5,17,68.50000
80211,1931,5,18,69.00000
80211,1931,5,19,72.00000
80211,1931,5,20,72.50000
80211,1931,5,21,73.00000
80211,1931,5,22,75.50000
80211,1931,5,23,70.50000
80211,1931,5,24,65.00000
80211,1931,5,25,68.50000
80211,1931,5,26,70.00000
80211,1931,5,27,76.50000
80211,1931,5,28,74.00000
80211,1931,5,29,73.00000
80211,1931,5,30,75.50000
80211,1931,5,31,77.50000
80211,1931,6,1,76.50000
80211,1931,6,2,74.00000
80211,1931,6,3,73.50000
80211,1931,6,4,75.00000
80211,1931,6,5,75.00000
80211,1931,6,6,79.50000
80211,1931,6,7,80.50000
80211,1931,6,8,76.50000
80211,1931,6,9,73.00000
80211,1931,6,10,74.50000
80211,1931,6,11,75.50000
80211,1931,6,12,79.00000
80211,1931,6,13,78.50000
80211,1931,6,14,79.50000
80211,1931,6,15,79.00000
80211,1931,6,16,79.50000
80211,1931,6,17,83.50000
80211,1931,6,18,83.00000
80211,1931,6,19,81.00000
80211,1931,6,20,80.50000
80211,1931,6,21,80.50000
80211,1931,6,22,81.00000
80211,1931,6,23,82.00000
80211,1931,6,24,81.00000
80211,1931,6,25,81.50000
80211,1931,6,26,81.00000
80211,1931,6,27,81.50000
80211,1931,6,28,82.50000
80211,1931,6,29,85.50000
80211,1931,6,30,80.50000
80211,1931,7,1,82.50000
80211,1931,7,2,84.00000
80211,1931,7,3,85.50000
80211,1931,7,4,84.00000
80211,1931,7,5,85.50000
80211,1931,7,6,85.50000
80211,1931,7,7,85.00000
80211,1931,7,8,84.00000
80211,1931,7,9,82.50000
80211,1931,7,10,81.00000
80211,1931,7,11,81.00000
80211,1931,7,12,81.50000
80211,1931,7,13,79.00000
80211,1931,7,14,80.00000
80211,1931,7,15,83.00000
80211,1931,7,16,81.00000
80211,1931,7,17,81.50000
80211,1931,7,18,82.50000
80211,1931,7,19,83.00000
80211,1931,7,20,85.00000
80211,1931,7,21,85.00000
80211,1931,7,22,77.00000
80211,1931,7,23,78.50000
80211,1931,7,24,82.00000
80211,1931,7,25,82.00000
80211,1931,7,26,83.00000
80211,1931,7,27,82.50000
80211,1931,7,28,85.00000
80211,1931,7,29,82.50000
80211,1931,7,30,83.00000
80211,1931,7,31,83.00000
80211,1931,8,1,84.50000
80211,1931,8,2,83.50000
80211,1931,8,3,84.50000
80211,1931,8,4,83.00000
80211,1931,8,5,82.50000
80211,1931,8,6,83.00000
80211,1931,8,7,82.50000
80211,1931,8,8,83.00000
80211,1931,8,9,79.50000
80211,1931,8,10,76.00000
80211,1931,8,11,79.00000
80211,1931,8,12,77.00000
80211,1931,8,13,76.50000
80211,1931,8,14,76.50000
80211,1931,8,15,77.50000
80211,1931,8,16,79.50000
80211,1931,8,17,82.00000
80211,1931,8,18,81.50000
80211,1931,8,19,83.00000
80211,1931,8,20,82.50000
80211,1931,8,21,80.50000
80211,1931,8,22,81.50000
80211,1931,8,23,78.00000
80211,1931,8,24,76.00000
80211,1931,8,25,77.00000
80211,1931,8,26,79.50000
80211,1931,8,27,80.00000
80211,1931,8,28,80.00000
80211,1931,8,29,80.50000
80211,1931,8,30,81.00000
80211,1931,8,31,79.50000
80211,1931,9,1,78.00000
80211,1931,9,2,81.00000
80211,1931,9,3,82.00000
80211,1931,9,4,83.50000
80211,1931,9,5,82.50000
80211,1931,9,6,80.00000
80211,1931,9,7,82.00000
80211,1931,9,8,83.50000
80211,1931,9,9,79.50000
80211,1931,9,10,79.00000
80211,1931,9,11,80.50000
80211,1931,9,12,82.00000
80211,1931,9,13,77.00000
80211,1931,9,14,78.00000
80211,1931,9,15,81.00000
80211,1931,9,16,80.50000
80211,1931,9,17,80.50000
80211,1931,9,18,81.00000
80211,1931,9,19,83.00000
80211,1931,9,20,83.00000
80211,1931,9,21,82.50000
80211,1931,9,22,82.00000
80211,1931,9,23,82.00000
80211,1931,9,24,81.50000
80211,1931,9,25,83.50000
80211,1931,9,26,83.00000
80211,1931,9,27,72.50000
80211,1931,9,28,68.00000
80211,1931,9,29,71.00000
80211,1931,9,30,74.00000
80211,1931,10,1,74.50000
80211,1931,10,2,73.50000
80211,1931,10,3,76.50000
80211,1931,10,4,76.50000
80211,1931,10,5,77.00000
80211,1931,10,6,76.00000
80211,1931,10,7,78.50000
80211,1931,10,8,77.50000
80211,1931,10,9,79.50000
80211,1931,10,10,77.50000
80211,1931,10,11,76.50000
80211,1931,10,12,78.50000
80211,1931,10,13,74.50000
80211,1931,10,14,74.50000
80211,1931,10,15,78.50000
80211,1931,10,16,77.00000
80211,1931,10,17,68.50000
80211,1931,10,18,67.00000
80211,1931,10,19,68.50000
80211,1931,10,20,69.50000
80211,1931,10,21,69.00000
80211,1931,10,22,69.00000
80211,1931,10,23,71.00000
80211,1931,10,24,-99.90000
80211,1931,10,25,-99.90000
80211,1931,10,26,-99.90000
80211,1931,10,27,-99.90000
80211,1931,10,28,-99.90000
80211,1931,10,29,-99.90000
80211,1931,10,30,-99.90000
80211,1931,10,31,-99.90000
80211,1931,11,1,-99.90000
80211,1931,11,2,-99.90000
80211,1931,11,3,-99.90000
80211,1931,11,4,-99.90000
80211,1931,11,5,-99.90000
80211,1931,11,6,-99.90000
80211,1931,11,7,-99.90000
80211,1931,11,8,-99.90000
80211,1931,11,9,-99.90000
80211,1931,11,10,-99.90000
80211,1931,11,11,-99.90000
80211,1931,11,12,-99.90000
80211,1931,11,13,63.50000
80211,1931,11,14,64.00000
80211,1931,11,15,63.50000
80211,1931,11,16,67.00000
80211,1931,11,17,73.00000
80211,1931,11,18,73.00000
80211,1931,11,19,73.00000
80211,1931,11,20,72.50000
80211,1931,11,21,71.00000
80211,1931,11,22,70.50000
80211,1931,11,23,69.50000
80211,1931,11,24,68.00000
80211,1931,11,25,69.00000
80211,1931,11,26,66.50000
80211,1931,11,27,69.00000
80211,1931,11,28,68.00000
80211,1931,11,29,69.50000
80211,1931,11,30,70.50000
80211,1931,12,1,-99.90000
80211,1931,12,2,62.50000
80211,1931,12,3,64.50000
80211,1931,12,4,67.00000
80211,1931,12,5,57.50000
80211,1931,12,6,60.50000
80211,1931,12,7,60.00000
80211,1931,12,8,65.00000
80211,1931,12,9,68.00000
80211,1931,12,10,68.50000
80211,1931,12,11,69.50000
80211,1931,12,12,71.50000
80211,1931,12,13,74.00000
80211,1931,12,14,72.00000
80211,1931,12,15,60.00000
80211,1931,12,16,60.00000
80211,1931,12,17,68.50000
80211,1931,12,18,68.00000
80211,1931,12,19,71.00000
80211,1931,12,20,69.50000
80211,1931,12,21,72.00000
80211,1931,12,22,71.50000
80211,1931,12,23,67.00000
80211,1931,12,24,72.00000
80211,1931,12,25,63.50000
80211,1931,12,26,56.00000
80211,1931,12,27,60.50000
80211,1931,12,28,65.50000
80211,1931,12,29,61.00000
80211,1931,12,30,68.50000
80211,1931,12,31,64.50000
80211,1932,1,1,60.50000
80211,1932,1,2,-99.90000
80211,1932,1,3,-99.90000
80211,1932,1,4,-99.90000
80211,1932,1,5,-99.90000
80211,1932,1,6,-99.90000
80211,1932,1,7,-99.90000
80211,1932,1,8,-99.90000
80211,1932,1,9,-99.90000
80211,1932,1,10,-99.90000
80211,1932,1,11,-99.90000
80211,1932,1,12,65.50000
80211,1932,1,13,68.00000
80211,1932,1,14,66.00000
80211,1932,1,15,64.00000
80211,1932,1,16,65.00000
80211,1932,1,17,66.00000
80211,1932,1,18,67.00000
80211,1932,1,19,56.00000
80211,1932,1,20,56.50000
80211,1932,1,21,63.50000
80211,1932,1,22,63.50000
80211,1932,1,23,65.00000
80211,1932,1,24,68.00000
80211,1932,1,25,64.00000
80211,1932,1,26,66.50000
80211,1932,1,27,64.50000
80211,1932,1,28,63.00000
80211,1932,1,29,70.00000
80211,1932,1,30,59.00000
80211,1932,1,31,48.00000
80211,1932,2,1,54.50000
80211,1932,2,2,66.50000
80211,1932,2,3,68.00000
80211,1932,2,4,65.50000
80211,1932,2,5,53.00000
80211,1932,2,6,58.00000
80211,1932,2,7,68.50000
80211,1932,2,8,72.00000
80211,1932,2,9,69.50000
80211,1932,2,10,69.50000
80211,1932,2,11,69.50000
80211,1932,2,12,71.50000
80211,1932,2,13,67.50000
80211,1932,2,14,66.50000
80211,1932,2,15,69.00000
80211,1932,2,16,67.50000
80211,1932,2,17,70.00000
80211,1932,2,18,67.00000
80211,1932,2,19,69.00000
80211,1932,2,20,58.00000
80211,1932,2,21,68.50000
80211,1932,2,22,65.00000
80211,1932,2,23,62.50000
80211,1932,2,24,65.00000
80211,1932,2,25,60.00000
80211,1932,2,26,63.00000
80211,1932,2,27,66.00000
80211,1932,2,28,69.50000
80211,1932,2,29,63.50000
80211,1932,3,1,67.00000
80211,1932,3,2,71.00000
80211,1932,3,3,69.50000
80211,1932,3,4,72.00000
80211,1932,3,5,61.00000
80211,1932,3,6,46.50000
80211,1932,3,7,49.50000
80211,1932,3,8,56.50000
80211,1932,3,9,48.50000
80211,1932,3,10,37.50000
80211,1932,3,11,45.00000
80211,1932,3,12,48.50000
80211,1932,3,13,41.50000
80211,1932,3,14,47.50000
80211,1932,3,15,47.50000
80211,1932,3,16,59.50000
80211,1932,3,17,63.50000
80211,1932,3,18,65.00000
80211,1932,3,19,61.00000
80211,1932,3,20,65.00000
80211,1932,3,21,68.50000
80211,1932,3,22,65.00000
80211,1932,3,23,50.00000
80211,1932,3,24,55.50000
80211,1932,3,25,58.00000
80211,1932,3,26,61.50000
80211,1932,3,27,66.00000
80211,1932,3,28,59.50000
80211,1932,3,29,59.00000
80211,1932,3,30,66.00000
80211,1932,3,31,62.50000
80211,1932,4,1,58.00000
80211,1932,4,2,59.50000
80211,1932,4,3,62.00000
80211,1932,4,4,65.00000
80211,1932,4,5,66.50000
80211,1932,4,6,66.50000
80211,1932,4,7,70.00000
80211,1932,4,8,69.50000
80211,1932,4,9,63.50000
80211,1932,4,10,61.50000
80211,1932,4,11,62.50000
80211,1932,4,12,60.00000
80211,1932,4,13,65.50000
80211,1932,4,14,66.50000
80211,1932,4,15,65.50000
80211,1932,4,16,63.50000
80211,1932,4,17,65.50000
80211,1932,4,18,69.50000
80211,1932,4,19,66.50000
80211,1932,4,20,71.50000
80211,1932,4,21,67.00000
80211,1932,4,22,75.00000
80211,1932,4,23,71.00000
80211,1932,4,24,72.50000
80211,1932,4,25,73.50000
80211,1932,4,26,76.50000
80211,1932,4,27,73.00000
80211,1932,4,28,66.50000
80211,1932,4,29,73.00000
80211,1932,4,30,70.00000
80211,1932,5,1,73.50000
80211,1932,5,2,70.00000
80211,1932,5,3,67.50000
80211,1932,5,4,70.00000
80211,1932,5,5,70.00000
80211,1932,5,6,70.00000
80211,1932,5,7,72.00000
80211,1932,5,8,73.00000
80211,1932,5,9,76.50000
80211,1932,5,10,79.50000
80211,1932,5,11,75.00000
80211,1932,5,12,73.50000
80211,1932,5,13,69.50000
80211,1932,5,14,73.00000
80211,1932,5,15,72.00000
80211,1932,5,16,73.50000
80211,1932,5,17,72.00000
80211,1932,5,18,71.50000
80211,1932,5,19,75.50000
80211,1932,5,20,76.00000
80211,1932,5,21,74.00000
80211,1932,5,22,74.50000
80211,1932,5,23,74.50000
80211,1932,5,24,75.50000
80211,1932,5,25,77.00000
80211,1932,5,26,77.50000
80211,1932,5,27,77.50000
80211,1932,5,28,79.00000
80211,1932,5,29,80.50000
80211,1932,5,30,74.50000
80211,1932,5,31,76.50000
80211,1932,6,1,77.50000
80211,1932,6,2,74.00000
80211,1932,6,3,74.00000
80211,1932,6,4,75.50000
80211,1932,6,5,78.50000
80211,1932,6,6,76.50000
80211,1932,6,7,80.50000
80211,1932,6,8,80.00000
80211,1932,6,9,79.50000
80211,1932,6,10,79.50000
80211,1932,6,11,81.50000
80211,1932,6,12,73.50000
80211,1932,6,13,77.00000
80211,1932,6,14,78.00000
80211,1932,6,15,81.00000
80211,1932,6,16,82.00000
80211,1932,6,17,82.50000
80211,1932,6,18,83.50000
80211,1932,6,19,80.00000
80211,1932,6,20,79.00000
80211,1932,6,21,81.00000
80211,1932,6,22,82.00000
80211,1932,6,23,82.50000
80211,1932,6,24,83.00000
80211,1932,6,25,84.50000
80211,1932,6,26,84.50000
80211,1932,6,27,83.00000
80211,1932,6,28,81.50000
80211,1932,6,29,85.00000
80211,1932,6,30,85.00000
80211,1932,7,1,85.50000
80211,1932,7,2,85.50000
80211,1932,7,3,84.50000
80211,1932,7,4,84.00000
80211,1932,7,5,83.50000
80211,1932,7,6,85.00000
80211,1932,7,7,85.50000
80211,1932,7,8,86.00000
80211,1932,7,9,86.00000
80211,1932,7,10,84.00000
80211,1932,7,11,83.50000
80211,1932,7,12,85.50000
80211,1932,7,13,88.00000
80211,1932,7,14,91.50000
80211,1932,7,15,87.00000
80211,1932,7,16,81.00000
80211,1932,7,17,82.00000
80211,1932,7,18,86.50000
80211,1932,7,19,85.00000
80211,1932,7,20,84.50000
80211,1932,7,21,83.50000
80211,1932,7,22,86.50000
80211,1932,7,23,86.50000
80211,1932,7,24,86.00000
80211,1932,7,25,84.00000
80211,1932,7,26,82.50000
80211,1932,7,27,82.00000
80211,1932,7,28,82.00000
80211,1932,7,29,80.50000
80211,1932,7,30,83.00000
80211,1932,7,31,84.50000
80211,1932,8,1,80.50000
80211,1932,8,2,81.50000
80211,1932,8,3,82.00000
80211,1932,8,4,83.00000
80211,1932,8,5,80.50000
80211,1932,8,6,79.50000
80211,1932,8,7,79.00000
80211,1932,8,8,80.50000
80211,1932,8,9,82.00000
80211,1932,8,10,81.00000
80211,1932,8,11,82.50000
80211,1932,8,12,83.50000
80211,1932,8,13,84.00000
80211,1932,8,14,81.50000
80211,1932,8,15,80.00000
80211,1932,8,16,80.00000
80211,1932,8,17,81.00000
80211,1932,8,18,79.50000
80211,1932,8,19,78.00000
80211,1932,8,20,78.50000
80211,1932,8,21,79.50000
80211,1932,8,22,76.00000
80211,1932,8,23,77.00000
80211,1932,8,24,79.00000
80211,1932,8,25,79.50000
80211,1932,8,26,80.50000
80211,1932,8,27,80.50000
80211,1932,8,28,82.00000
80211,1932,8,29,82.00000
80211,1932,8,30,81.00000
80211,1932,8,31,80.00000
80211,1932,9,1,84.00000
80211,1932,9,2,83.00000
80211,1932,9,3,83.00000
80211,1932,9,4,83.50000
80211,1932,9,5,84.00000
80211,1932,9,6,86.00000
80211,1932,9,7,81.00000
80211,1932,9,8,78.00000
80211,1932,9,9,79.00000
80211,1932,9,10,79.00000
80211,1932,9,11,75.00000
80211,1932,9,12,75.50000
80211,1932,9,13,74.00000
80211,1932,9,14,71.00000
80211,1932,9,15,75.50000
80211,1932,9,16,79.00000
80211,1932,9,17,80.00000
80211,1932,9,18,79.50000
80211,1932,9,19,80.50000
80211,1932,9,20,75.50000
80211,1932,9,21,76.50000
80211,1932,9,22,78.00000
80211,1932,9,23,79.00000
80211,1932,9,24,79.00000
80211,1932,9,25,77.00000
80211,1932,9,26,80.00000
80211,1932,9,27,79.50000
80211,1932,9,28,79.50000
80211,1932,9,29,77.50000
80211,1932,9,30,75.00000
80211,1932,10,1,73.00000
80211,1932,10,2,75.50000
80211,1932,10,3,73.50000
80211,1932,10,4,79.00000
80211,1932,10,5,66.50000
80211,1932,10,6,57.00000
80211,1932,10,7,58.00000
80211,1932,10,8,67.50000
80211,1932,10,9,70.50000
80211,1932,10,10,70.50000
80211,1932,10,11,75.00000
80211,1932,10,12,66.00000
80211,1932,10,13,65.50000
80211,1932,10,14,71.50000
80211,1932,10,15,74.00000
80211,1932,10,16,76.00000
80211,1932,10,17,73.50000
80211,1932,10,18,74.50000
80211,1932,10,19,73.50000
80211,1932,10,20,72.50000
80211,1932,10,21,72.50000
80211,1932,10,22,65.50000
80211,1932,10,23,70.50000
80211,1932,10,24,69.50000
80211,1932,10,25,73.00000
80211,1932,10,26,70.50000
80211,1932,10,27,63.00000
80211,1932,10,28,61.00000
80211,1932,10,29,67.00000
80211,1932,10,30,67.50000
80211,1932,10,31,73.00000
80211,1932,11,1,65.00000
80211,1932,11,2,63.00000
80211,1932,11,3,65.00000
80211,1932,11,4,63.50000
80211,1932,11,5,67.00000
80211,1932,11,6,67.00000
80211,1932,11,7,71.50000
80211,1932,11,8,69.00000
80211,1932,11,9,58.00000
80211,1932,11,10,56.50000
80211,1932,11,11,60.00000
80211,1932,11,12,47.50000
80211,1932,11,13,44.50000
80211,1932,11,14,48.50000
80211,1932,11,15,56.00000
80211,1932,11,16,60.50000
80211,1932,11,17,55.50000
80211,1932,11,18,60.00000
80211,1932,11,19,46.50000
80211,1932,11,20,48.50000
80211,1932,11,21,55.50000
80211,1932,11,22,57.00000
80211,1932,11,23,58.00000
80211,1932,11,24,62.50000
80211,1932,11,25,64.00000
80211,1932,11,26,60.00000
80211,1932,11,27,49.00000
80211,1932,11,28,44.50000
80211,1932,11,29,45.00000
80211,1932,11,30,48.50000
80211,1932,12,1,52.00000
80211,1932,12,2,52.50000
80211,1932,12,3,54.50000
80211,1932,12,4,60.00000
80211,1932,12,5,55.50000
80211,1932,12,6,54.50000
80211,1932,12,7,62.00000
80211,1932,12,8,57.00000
80211,1932,12,9,57.50000
80211,1932,12,10,64.00000
80211,1932,12,11,63.50000
80211,1932,12,12,66.00000
80211,1932,12,13,66.50000
80211,1932,12,14,68.00000
80211,1932,12,15,62.00000
80211,1932,12,16,58.00000
80211,1932,12,17,55.00000
80211,1932,12,18,41.50000
80211,1932,12,19,50.50000
80211,1932,12,20,52.00000
80211,1932,12,21,57.00000
80211,1932,12,22,61.50000
80211,1932,12,23,61.50000
80211,1932,12,24,66.00000
80211,1932,12,25,66.00000
80211,1932,12,26,67.50000
80211,1932,12,27,67.50000
80211,1932,12,28,67.50000
80211,1932,12,29,66.50000
80211,1932,12,30,67.50000
80211,1932,12,31,55.50000
80211,1933,1,1,44.00000
80211,1933,1,2,53.50000
80211,1933,1,3,60.00000
80211,1933,1,4,61.00000
80211,1933,1,5,62.50000
80211,1933,1,6,60.50000
80211,1933,1,7,60.50000
80211,1933,1,8,64.00000
80211,1933,1,9,61.00000
80211,1933,1,10,55.00000
80211,1933,1,11,62.00000
80211,1933,1,12,58.50000
80211,1933,1,13,50.50000
80211,1933,1,14,45.00000
80211,1933,1,15,49.00000
80211,1933,1,16,51.50000
80211,1933,1,17,56.00000
80211,1933,1,18,60.00000
80211,1933,1,19,64.50000
80211,1933,1,20,60.00000
80211,1933,1,21,64.50000
80211,1933,1,22,65.50000
80211,1933,1,23,65.50000
80211,1933,1,24,64.00000
80211,1933,1,25,63.50000
80211,1933,1,26,57.50000
80211,1933,1,27,58.50000
80211,1933,1,28,48.50000
80211,1933,1,29,49.50000
80211,1933,1,30,53.00000
80211,1933,1,31,56.00000
80211,1933,2,1,64.00000
80211,1933,2,2,61.50000
80211,1933,2,3,57.00000
80211,1933,2,4,61.50000
80211,1933,2,5,53.50000
80211,1933,2,6,48.50000
80211,1933,2,7,59.50000
80211,1933,2,8,47.00000
80211,1933,2,9,33.50000
80211,1933,2,10,42.50000
80211,1933,2,11,47.50000
80211,1933,2,12,42.00000
80211,1933,2,13,52.00000
80211,1933,2,14,60.00000
80211,1933,2,15,64.00000
80211,1933,2,16,57.00000
80211,1933,2,17,65.00000
80211,1933,2,18,67.50000
80211,1933,2,19,63.00000
80211,1933,2,20,65.50000
80211,1933,2,21,56.50000
80211,1933,2,22,57.00000
80211,1933,2,23,66.00000
80211,1933,2,24,62.50000
80211,1933,2,25,68.00000
80211,1933,2,26,61.50000
80211,1933,2,27,54.00000
80211,1933,2,28,54.00000
80211,1933,2,29,-99.90000
80211,1933,3,1,57.00000
80211,1933,3,2,55.00000
80211,1933,3,3,53.50000
80211,1933,3,4,50.50000
80211,1933,3,5,50.00000
80211,1933,3,6,59.00000
80211,1933,3,7,57.00000
80211,1933,3,8,54.00000
80211,1933,3,9,56.00000
80211,1933,3,10,61.50000
80211,1933,3,11,54.00000
80211,1933,3,12,61.00000
80211,1933,3,13,65.50000
80211,1933,3,14,68.50000
80211,1933,3,15,71.50000
80211,1933,3,16,65.00000
80211,1933,3,17,65.50000
80211,1933,3,18,70.50000
80211,1933,3,19,71.00000
80211,1933,3,20,67.50000
80211,1933,3,21,52.50000
80211,1933,3,22,58.50000
80211,1933,3,23,62.00000
80211,1933,3,24,62.50000
80211,1933,3,25,61.50000
80211,1933,3,26,64.00000
80211,1933,3,27,61.50000
80211,1933,3,28,64.50000
80211,1933,3,29,64.50000
80211,1933,3,30,67.00000
80211,1933,3,31,69.00000
80211,1933,4,1,70.50000
80211,1933,4,2,70.50000
80211,1933,4,3,71.00000
80211,1933,4,4,60.50000
80211,1933,4,5,67.50000
80211,1933,4,6,70.50000
80211,1933,4,7,62.00000
80211,1933,4,8,62.00000
80211,1933,4,9,66.00000
80211,1933,4,10,69.00000
80211,1933,4,11,68.00000
80211,1933,4,12,65.00000
80211,1933,4,13,64.50000
80211,1933,4,14,64.00000
80211,1933,4,15,62.50000
80211,1933,4,16,65.50000
80211,1933,4,17,65.50000
80211,1933,4,18,66.00000
80211,1933,4,19,67.50000
80211,1933,4,20,70.00000
80211,1933,4,21,68.00000
80211,1933,4,22,65.50000
80211,1933,4,23,69.00000
80211,1933,4,24,71.50000
80211,1933,4,25,74.00000
80211,1933,4,26,73.50000
80211,1933,4,27,70.00000
80211,1933,4,28,71.00000
80211,1933,4,29,70.50000
80211,1933,4,30,73.00000
80211,1933,5,1,71.00000
80211,1933,5,2,70.50000
80211,1933,5,3,75.50000
80211,1933,5,4,76.00000
80211,1933,5,5,76.50000
80211,1933,5,6,79.00000
80211,1933,5,7,78.00000
80211,1933,5,8,80.50000
80211,1933,5,9,80.00000
80211,1933,5,10,81.00000
80211,1933,5,11,80.50000
80211,1933,5,12,80.50000
80211,1933,5,13,78.00000
80211,1933,5,14,78.50000
80211,1933,5,15,78.50000
80211,1933,5,16,78.00000
80211,1933,5,17,80.00000
80211,1933,5,18,76.50000
80211,1933,5,19,76.00000
80211,1933,5,20,76.50000
80211,1933,5,21,78.00000
80211,1933,5,22,79.00000
80211,1933,5,23,79.50000
80211,1933,5,24,79.50000
80211,1933,5,25,79.50000
80211,1933,5,26,79.50000
80211,1933,5,27,80.50000
80211,1933,5,28,80.50000
80211,1933,5,29,80.50000
80211,1933,5,30,77.50000
80211,1933,5,31,77.00000
80211,1933,6,1,78.00000
80211,1933,6,2,73.00000
80211,1933,6,3,76.00000
80211,1933,6,4,80.50000
80211,1933,6,5,82.00000
80211,1933,6,6,82.50000
80211,1933,6,7,83.00000
80211,1933,6,8,79.50000
80211,1933,6,9,80.00000
80211,1933,6,10,80.50000
80211,1933,6,11,81.00000
80211,1933,6,12,81.50000
80211,1933,6,13,84.50000
80211,1933,6,14,76.00000
80211,1933,6,15,73.00000
80211,1933,6,16,72.00000
80211,1933,6,17,74.00000
80211,1933,6,18,79.00000
80211,1933,6,19,84.00000
80211,1933,6,20,84.50000
80211,1933,6,21,82.00000
80211,1933,6,22,75.00000
80211,1933,6,23,78.50000
80211,1933,6,24,82.50000
80211,1933,6,25,82.00000
80211,1933,6,26,82.00000
80211,1933,6,27,82.50000
80211,1933,6,28,83.50000
80211,1933,6,29,83.00000
80211,1933,6,30,83.00000
80211,1933,7,1,83.00000
80211,1933,7,2,82.50000
80211,1933,7,3,83.00000
80211,1933,7,4,80.00000
80211,1933,7,5,76.50000
80211,1933,7,6,78.00000
80211,1933,7,7,80.00000
80211,1933,7,8,81.00000
80211,1933,7,9,83.00000
80211,1933,7,10,83.50000
80211,1933,7,11,78.00000
80211,1933,7,12,81.00000
80211,1933,7,13,82.50000
80211,1933,7,14,80.00000
80211,1933,7,15,78.00000
80211,1933,7,16,81.00000
80211,1933,7,17,82.50000
80211,1933,7,18,83.50000
80211,1933,7,19,82.00000
80211,1933,7,20,79.00000
80211,1933,7,21,79.50000
80211,1933,7,22,81.00000
80211,1933,7,23,79.00000
80211,1933,7,24,80.00000
80211,1933,7,25,82.00000
80211,1933,7,26,83.50000
80211,1933,7,27,83.50000
80211,1933,7,28,82.00000
80211,1933,7,29,83.00000
80211,1933,7,30,83.50000
80211,1933,7,31,84.00000
80211,1933,8,1,84.00000
80211,1933,8,2,78.00000
80211,1933,8,3,84.00000
80211,1933,8,4,83.00000
80211,1933,8,5,79.00000
80211,1933,8,6,80.00000
80211,1933,8,7,79.50000
80211,1933,8,8,80.00000
80211,1933,8,9,82.50000
80211,1933,8,10,81.00000
80211,1933,8,11,81.50000
80211,1933,8,12,84.50000
80211,1933,8,13,83.00000
80211,1933,8,14,85.00000
80211,1933,8,15,81.50000
80211,1933,8,16,79.00000
80211,1933,8,17,79.50000
80211,1933,8,18,80.00000
80211,1933,8,19,78.50000
80211,1933,8,20,79.00000
80211,1933,8,21,81.00000
80211,1933,8,22,78.50000
80211,1933,8,23,78.00000
80211,1933,8,24,81.50000
80211,1933,8,25,82.00000
80211,1933,8,26,83.50000
80211,1933,8,27,83.50000
80211,1933,8,28,84.00000
80211,1933,8,29,83.50000
80211,1933,8,30,84.00000
80211,1933,8,31,81.50000
80211,1933,9,1,82.00000
80211,1933,9,2,82.50000
80211,1933,9,3,84.50000
80211,1933,9,4,81.50000
80211,1933,9,5,81.00000
80211,1933,9,6,79.00000
80211,1933,9,7,82.00000
80211,1933,9,8,83.50000
80211,1933,9,9,82.00000
80211,1933,9,10,83.00000
80211,1933,9,11,83.00000
80211,1933,9,12,82.50000
80211,1933,9,13,82.50000
80211,1933,9,14,82.00000
80211,1933,9,15,84.50000
80211,1933,9,16,87.50000
80211,1933,9,17,82.50000
80211,1933,9,18,81.00000
80211,1933,9,19,83.50000
80211,1933,9,20,83.50000
80211,1933,9,21,82.50000
80211,1933,9,22,76.00000
80211,1933,9,23,78.50000
80211,1933,9,24,83.00000
80211,1933,9,25,81.00000
80211,1933,9,26,81.50000
80211,1933,9,27,81.50000
80211,1933,9,28,79.50000
80211,1933,9,29,78.00000
80211,1933,9,30,79.50000
80211,1933,10,1,79.00000
80211,1933,10,2,79.50000
80211,1933,10,3,77.00000
80211,1933,10,4,75.00000
80211,1933,10,5,75.00000
80211,1933,10,6,72.00000
80211,1933,10,7,71.50000
80211,1933,10,8,72.50000
80211,1933,10,9,70.50000
80211,1933,10,10,65.00000
80211,1933,10,11,67.00000
80211,1933,10,12,68.50000
80211,1933,10,13,73.00000
80211,1933,10,14,71.50000
80211,1933,10,15,71.50000
80211,1933,10,16,73.50000
80211,1933,10,17,73.50000
80211,1933,10,18,72.50000
80211,1933,10,19,70.00000
80211,1933,10,20,74.00000
80211,1933,10,21,73.50000
80211,1933,10,22,73.50000
80211,1933,10,23,73.00000
80211,1933,10,24,70.50000
80211,1933,10,25,68.50000
80211,1933,10,26,64.00000
80211,1933,10,27,66.50000
80211,1933,10,28,69.00000
80211,1933,10,29,69.50000
80211,1933,10,30,72.00000
80211,1933,10,31,70.00000
80211,1933,11,1,69.00000
80211,1933,11,2,71.50000
80211,1933,11,3,73.00000
80211,1933,11,4,71.50000
80211,1933,11,5,71.00000
80211,1933,11,6,68.50000
80211,1933,11,7,60.50000
80211,1933,11,8,55.00000
80211,1933,11,9,53.50000
80211,1933,11,10,55.00000
80211,1933,11,11,51.50000
80211,1933,11,12,58.00000
80211,1933,11,13,63.50000
80211,1933,11,14,54.00000
80211,1933,11,15,59.00000
80211,1933,11,16,52.00000
80211,1933,11,17,50.50000
80211,1933,11,18,58.00000
80211,1933,11,19,65.50000
80211,1933,11,20,60.00000
80211,1933,11,21,65.00000
80211,1933,11,22,70.50000
80211,1933,11,23,62.50000
80211,1933,11,24,57.00000
80211,1933,11,25,58.00000
80211,1933,11,26,61.00000
80211,1933,11,27,52.50000
80211,1933,11,28,54.50000
80211,1933,11,29,57.00000
80211,1933,11,30,64.50000
80211,1933,12,1,62.00000
80211,1933,12,2,63.00000
80211,1933,12,3,68.00000
80211,1933,12,4,69.50000
80211,1933,12,5,61.00000
80211,1933,12,6,67.50000
80211,1933,12,7,57.50000
80211,1933,12,8,52.00000
80211,1933,12,9,56.50000
80211,1933,12,10,51.50000
80211,1933,12,11,67.00000
80211,1933,12,12,65.50000
80211,1933,12,13,67.00000
80211,1933,12,14,66.00000
80211,1933,12,15,65.50000
80211,1933,12,16,67.50000
80211,1933,12,17,68.50000
80211,1933,12,18,68.00000
80211,1933,12,19,67.50000
80211,1933,12,20,64.50000
80211,1933,12,21,58.00000
80211,1933,12,22,57.00000
80211,1933,12,23,60.00000
80211,1933,12,24,63.00000
80211,1933,12,25,66.00000
80211,1933,12,26,67.50000
80211,1933,12,27,53.50000
80211,1933,12,28,57.50000
80211,1933,12,29,54.50000
80211,1933,12,30,58.50000
80211,1933,12,31,64.50000
80211,1934,1,1,66.00000
80211,1934,1,2,62.50000
80211,1934,1,3,58.00000
80211,1934,1,4,59.50000
80211,1934,1,5,65.00000
80211,1934,1,6,66.00000
80211,1934,1,7,67.00000
80211,1934,1,8,57.00000
80211,1934,1,9,46.00000
80211,1934,1,10,45.50000
80211,1934,1,11,46.00000
80211,1934,1,12,61.00000
80211,1934,1,13,57.00000
80211,1934,1,14,54.00000
80211,1934,1,15,51.00000
80211,1934,1,16,51.50000
80211,1934,1,17,53.50000
80211,1934,1,18,53.50000
80211,1934,1,19,55.50000
80211,1934,1,20,57.50000
80211,1934,1,21,58.50000
80211,1934,1,22,54.50000
80211,1934,1,23,54.50000
80211,1934,1,24,56.50000
80211,1934,1,25,64.00000
80211,1934,1,26,62.00000
80211,1934,1,27,64.00000
80211,1934,1,28,66.00000
80211,1934,1,29,54.50000
80211,1934,1,30,36.50000
80211,1934,1,31,41.00000
80211,1934,2,1,57.00000
80211,1934,2,2,46.00000
80211,1934,2,3,56.50000
80211,1934,2,4,55.50000
80211,1934,2,5,61.50000
80211,1934,2,6,54.50000
80211,1934,2,7,49.50000
80211,1934,2,8,51.50000
80211,1934,2,9,57.50000
80211,1934,2,10,47.50000
80211,1934,2,11,42.50000
80211,1934,2,12,53.00000
80211,1934,2,13,53.00000
80211,1934,2,14,49.00000
80211,1934,2,15,56.50000
80211,1934,2,16,62.00000
80211,1934,2,17,52.00000
80211,1934,2,18,50.50000
80211,1934,2,19,55.00000
80211,1934,2,20,39.00000
80211,1934,2,21,46.50000
80211,1934,2,22,60.50000
80211,1934,2,23,53.00000
80211,1934,2,24,48.50000
80211,1934,2,25,62.00000
80211,1934,2,26,56.50000
80211,1934,2,27,40.50000
80211,1934,2,28,45.00000
80211,1934,2,29,-99.90000
80211,1934,3,1,52.00000
80211,1934,3,2,61.50000
80211,1934,3,3,62.50000
80211,1934,3,4,62.50000
80211,1934,3,5,63.00000
80211,1934,3,6,58.50000
80211,1934,3,7,62.00000
80211,1934,3,8,68.00000
80211,1934,3,9,60.00000
80211,1934,3,10,54.00000
80211,1934,3,11,44.00000
80211,1934,3,12,45.50000
80211,1934,3,13,50.50000
80211,1934,3,14,58.00000
80211,1934,3,15,49.00000
80211,1934,3,16,53.00000
80211,1934,3,17,58.00000
80211,1934,3,18,63.00000
80211,1934,3,19,55.00000
80211,1934,3,20,53.00000
80211,1934,3,21,55.50000
80211,1934,3,22,60.00000
80211,1934,3,23,65.50000
80211,1934,3,24,63.00000
80211,1934,3,25,66.00000
80211,1934,3,26,66.50000
80211,1934,3,27,69.00000
80211,1934,3,28,55.50000
80211,1934,3,29,58.00000
80211,1934,3,30,59.50000
80211,1934,3,31,63.50000
80211,1934,4,1,64.00000
80211,1934,4,2,65.00000
80211,1934,4,3,67.00000
80211,1934,4,4,70.00000
80211,1934,4,5,67.50000
80211,1934,4,6,69.50000
80211,1934,4,7,71.00000
80211,1934,4,8,73.00000
80211,1934,4,9,67.50000
80211,1934,4,10,68.50000
80211,1934,4,11,73.00000
80211,1934,4,12,62.00000
80211,1934,4,13,55.00000
80211,1934,4,14,62.50000
80211,1934,4,15,66.00000
80211,1934,4,16,72.50000
80211,1934,4,17,71.00000
80211,1934,4,18,68.50000
80211,1934,4,19,68.50000
80211,1934,4,20,69.00000
80211,1934,4,21,57.50000
80211,1934,4,22,61.50000
80211,1934,4,23,63.00000
80211,1934,4,24,66.50000
80211,1934,4,25,70.50000
80211,1934,4,26,67.00000
80211,1934,4,27,71.50000
80211,1934,4,28,69.50000
80211,1934,4,29,67.50000
80211,1934,4,30,65.50000
80211,1934,5,1,67.00000
80211,1934,5,2,69.00000
80211,1934,5,3,69.50000
80211,1934,5,4,70.50000
80211,1934,5,5,70.50000
80211,1934,5,6,74.50000
80211,1934,5,7,69.00000
80211,1934,5,8,73.00000
80211,1934,5,9,74.50000
80211,1934,5,10,74.50000
80211,1934,5,11,73.50000
80211,1934,5,12,74.50000
80211,1934,5,13,78.00000
80211,1934,5,14,76.00000
80211,1934,5,15,78.00000
80211,1934,5,16,78.50000
80211,1934,5,17,75.00000
80211,1934,5,18,71.00000
80211,1934,5,19,73.50000
80211,1934,5,20,76.00000
80211,1934,5,21,77.00000
80211,1934,5,22,78.00000
80211,1934,5,23,78.50000
80211,1934,5,24,78.00000
80211,1934,5,25,75.00000
80211,1934,5,26,73.50000
80211,1934,5,27,71.50000
80211,1934,5,28,66.50000
80211,1934,5,29,72.50000
80211,1934,5,30,77.50000
80211,1934,5,31,78.00000
80211,1934,6,1,79.00000
80211,1934,6,2,78.00000
80211,1934,6,3,77.50000
80211,1934,6,4,80.00000
80211,1934,6,5,77.50000
80211,1934,6,6,78.50000
80211,1934,6,7,80.00000
80211,1934,6,8,79.50000
80211,1934,6,9,81.00000
80211,1934,6,10,81.50000
80211,1934,6,11,80.00000
80211,1934,6,12,76.00000
80211,1934,6,13,78.50000
80211,1934,6,14,77.00000
80211,1934,6,15,78.50000
80211,1934,6,16,82.00000
80211,1934,6,17,82.00000
80211,1934,6,18,84.00000
80211,1934,6,19,81.00000
80211,1934,6,20,83.00000
80211,1934,6,21,82.00000
80211,1934,6,22,82.00000
80211,1934,6,23,84.00000
80211,1934,6,24,85.50000
80211,1934,6,25,81.00000
80211,1934,6,26,82.00000
80211,1934,6,27,84.00000
80211,1934,6,28,82.00000
80211,1934,6,29,80.00000
80211,1934,6,30,81.50000
80211,1934,7,1,83.00000
80211,1934,7,2,82.50000
80211,1934,7,3,78.50000
80211,1934,7,4,76.50000
80211,1934,7,5,77.00000
80211,1934,7,6,80.00000
80211,1934,7,7,79.50000
80211,1934,7,8,82.00000
80211,1934,7,9,79.50000
80211,1934,7,10,81.00000
80211,1934,7,11,82.00000
80211,1934,7,12,80.00000
80211,1934,7,13,79.50000
80211,1934,7,14,84.00000
80211,1934,7,15,83.00000
80211,1934,7,16,80.50000
80211,1934,7,17,78.00000
80211,1934,7,18,81.50000
80211,1934,7,19,84.00000
80211,1934,7,20,84.00000
80211,1934,7,21,86.00000
80211,1934,7,22,81.50000
80211,1934,7,23,82.00000
80211,1934,7,24,84.00000
80211,1934,7,25,85.00000
80211,1934,7,26,78.00000
80211,1934,7,27,82.00000
80211,1934,7,28,83.00000
80211,1934,7,29,83.50000
80211,1934,7,30,83.50000
80211,1934,7,31,80.50000
80211,1934,8,1,81.00000
80211,1934,8,2,81.50000
80211,1934,8,3,84.00000
80211,1934,8,4,84.00000
80211,1934,8,5,83.00000
80211,1934,8,6,80.50000
80211,1934,8,7,84.00000
80211,1934,8,8,78.50000
80211,1934,8,9,80.50000
80211,1934,8,10,82.50000
80211,1934,8,11,83.50000
80211,1934,8,12,80.00000
80211,1934,8,13,80.00000
80211,1934,8,14,80.00000
80211,1934,8,15,82.00000
80211,1934,8,16,82.50000
80211,1934,8,17,82.50000
80211,1934,8,18,83.00000
80211,1934,8,19,84.00000
80211,1934,8,20,81.50000
80211,1934,8,21,80.00000
80211,1934,8,22,81.50000
80211,1934,8,23,84.50000
80211,1934,8,24,85.50000
80211,1934,8,25,85.00000
80211,1934,8,26,82.50000
80211,1934,8,27,81.50000
80211,1934,8,28,82.00000
80211,1934,8,29,76.50000
80211,1934,8,30,77.00000
80211,1934,8,31,77.00000
80211,1934,9,1,75.50000
80211,1934,9,2,75.50000
80211,1934,9,3,77.50000
80211,1934,9,4,84.50000
80211,1934,9,5,79.00000
80211,1934,9,6,78.50000
80211,1934,9,7,80.00000
80211,1934,9,8,77.50000
80211,1934,9,9,79.50000
80211,1934,9,10,80.50000
80211,1934,9,11,79.00000
80211,1934,9,12,79.00000
80211,1934,9,13,79.50000
80211,1934,9,14,75.00000
80211,1934,9,15,78.00000
80211,1934,9,16,81.50000
80211,1934,9,17,82.00000
80211,1934,9,18,77.00000
80211,1934,9,19,76.00000
80211,1934,9,20,77.50000
80211,1934,9,21,77.50000
80211,1934,9,22,78.50000
80211,1934,9,23,79.00000
80211,1934,9,24,78.00000
80211,1934,9,25,78.50000
80211,1934,9,26,81.00000
80211,1934,9,27,82.00000
80211,1934,9,28,81.50000
80211,1934,9,29,82.50000
80211,1934,9,30,82.00000
80211,1934,10,1,77.00000
80211,1934,10,2,76.00000
80211,1934,10,3,73.50000
80211,1934,10,4,75.50000
80211,1934,10,5,79.00000
80211,1934,10,6,81.00000
80211,1934,10,7,78.00000
80211,1934,10,8,80.50000
80211,1934,10,9,78.00000
80211,1934,10,10,80.00000
80211,1934,10,11,81.00000
80211,1934,10,12,77.00000
80211,1934,10,13,75.50000
80211,1934,10,14,73.00000
80211,1934,10,15,68.50000
80211,1934,10,16,71.00000
80211,1934,10,17,70.50000
80211,1934,10,18,72.00000
80211,1934,10,19,74.00000
80211,1934,10,20,74.00000
80211,1934,10,21,74.00000
80211,1934,10,22,77.00000
80211,1934,10,23,73.00000
80211,1934,10,24,71.50000
80211,1934,10,25,73.00000
80211,1934,10,26,70.00000
80211,1934,10,27,67.50000
80211,1934,10,28,65.00000
80211,1934,10,29,62.00000
80211,1934,10,30,66.50000
80211,1934,10,31,70.50000
80211,1934,11,1,74.00000
80211,1934,11,2,70.50000
80211,1934,11,3,70.50000
80211,1934,11,4,72.50000
80211,1934,11,5,67.00000
80211,1934,11,6,61.50000
80211,1934,11,7,61.00000
80211,1934,11,8,67.50000
80211,1934,11,9,68.50000
80211,1934,11,10,68.50000
80211,1934,11,11,62.00000
80211,1934,11,12,49.50000
80211,1934,11,13,49.50000
80211,1934,11,14,61.00000
80211,1934,11,15,52.50000
80211,1934,11,16,54.00000
80211,1934,11,17,54.50000
80211,1934,11,18,62.50000
80211,1934,11,19,63.00000
80211,1934,11,20,66.50000
80211,1934,11,21,69.50000
80211,1934,11,22,68.00000
80211,1934,11,23,63.00000
80211,1934,11,24,53.50000
80211,1934,11,25,59.00000
80211,1934,11,26,58.50000
80211,1934,11,27,57.00000
80211,1934,11,28,61.50000
80211,1934,11,29,65.50000
80211,1934,11,30,68.00000
80211,1934,12,1,55.00000
80211,1934,12,2,52.50000
80211,1934,12,3,62.50000
80211,1934,12,4,61.00000
80211,1934,12,5,53.00000
80211,1934,12,6,61.50000
80211,1934,12,7,53.00000
80211,1934,12,8,40.50000
80211,1934,12,9,45.00000
80211,1934,12,10,52.00000
80211,1934,12,11,36.00000
80211,1934,12,12,35.00000
80211,1934,12,13,47.50000
80211,1934,12,14,49.00000
80211,1934,12,15,48.50000
80211,1934,12,16,50.50000
80211,1934,12,17,54.50000
80211,1934,12,18,55.50000
80211,1934,12,19,58.00000
80211,1934,12,20,48.00000
80211,1934,12,21,52.50000
80211,1934,12,22,56.00000
80211,1934,12,23,51.00000
80211,1934,12,24,57.00000
80211,1934,12,25,60.00000
80211,1934,12,26,63.00000
80211,1934,12,27,59.50000
80211,1934,12,28,63.50000
80211,1934,12,29,64.50000
80211,1934,12,30,66.50000
80211,1934,12,31,63.00000
80211,1935,1,1,63.00000
80211,1935,1,2,48.50000
80211,1935,1,3,53.00000
80211,1935,1,4,57.50000
80211,1935,1,5,54.50000
80211,1935,1,6,53.00000
80211,1935,1,7,58.00000
80211,1935,1,8,57.00000
80211,1935,1,9,59.50000
80211,1935,1,10,58.50000
80211,1935,1,11,65.00000
80211,1935,1,12,54.50000
80211,1935,1,13,59.00000
80211,1935,1,14,60.00000
80211,1935,1,15,54.00000
80211,1935,1,16,61.00000
80211,1935,1,17,67.00000
80211,1935,1,18,64.00000
80211,1935,1,19,64.00000
80211,1935,1,20,66.50000
80211,1935,1,21,66.00000
80211,1935,1,22,57.50000
80211,1935,1,23,36.50000
80211,1935,1,24,39.00000
80211,1935,1,25,41.50000
80211,1935,1,26,46.50000
80211,1935,1,27,56.00000
80211,1935,1,28,48.00000
80211,1935,1,29,47.00000
80211,1935,1,30,47.50000
80211,1935,1,31,47.00000
80211,1935,2,1,45.50000
80211,1935,2,2,46.50000
80211,1935,2,3,54.00000
80211,1935,2,4,51.00000
80211,1935,2,5,50.50000
80211,1935,2,6,52.50000
80211,1935,2,7,52.00000
80211,1935,2,8,53.50000
80211,1935,2,9,58.50000
80211,1935,2,10,64.00000
80211,1935,2,11,57.00000
80211,1935,2,12,58.00000
80211,1935,2,13,63.50000
80211,1935,2,14,63.00000
80211,1935,2,15,62.50000
80211,1935,2,16,65.00000
80211,1935,2,17,58.00000
80211,1935,2,18,49.50000
80211,1935,2,19,53.00000
80211,1935,2,20,57.00000
80211,1935,2,21,53.00000
80211,1935,2,22,56.50000
80211,1935,2,23,64.50000
80211,1935,2,24,54.50000
80211,1935,2,25,62.50000
80211,1935,2,26,59.50000
80211,1935,2,27,39.50000
80211,1935,2,28,40.00000
80211,1935,2,29,-99.90000
80211,1935,3,1,46.00000
80211,1935,3,2,52.50000
80211,1935,3,3,54.00000
80211,1935,3,4,62.00000
80211,1935,3,5,64.00000
80211,1935,3,6,65.50000
80211,1935,3,7,66.50000
80211,1935,3,8,64.00000
80211,1935,3,9,59.50000
80211,1935,3,10,62.50000
80211,1935,3,11,67.50000
80211,1935,3,12,62.00000
80211,1935,3,13,50.00000
80211,1935,3,14,62.00000
80211,1935,3,15,58.50000
80211,1935,3,16,62.50000
80211,1935,3,17,63.50000
80211,1935,3,18,64.00000
80211,1935,3,19,63.50000
80211,1935,3,20,63.00000
80211,1935,3,21,67.00000
80211,1935,3,22,69.00000
80211,1935,3,23,70.50000
80211,1935,3,24,71.50000
80211,1935,3,25,72.00000
80211,1935,3,26,72.50000
80211,1935,3,27,72.50000
80211,1935,3,28,73.50000
80211,1935,3,29,69.00000
80211,1935,3,30,71.00000
80211,1935,3,31,74.00000
80211,1935,4,1,78.00000
80211,1935,4,2,73.50000
80211,1935,4,3,71.00000
80211,1935,4,4,72.50000
80211,1935,4,5,71.50000
80211,1935,4,6,71.50000
80211,1935,4,7,66.50000
80211,1935,4,8,60.50000
80211,1935,4,9,56.00000
80211,1935,4,10,62.50000
80211,1935,4,11,72.50000
80211,1935,4,12,66.00000
80211,1935,4,13,56.50000
80211,1935,4,14,57.00000
80211,1935,4,15,62.00000
80211,1935,4,16,66.00000
80211,1935,4,17,62.50000
80211,1935,4,18,68.50000
80211,1935,4,19,71.00000
80211,1935,4,20,72.00000
80211,1935,4,21,73.50000
80211,1935,4,22,72.00000
80211,1935,4,23,70.00000
80211,1935,4,24,69.00000
80211,1935,4,25,71.00000
80211,1935,4,26,74.00000
80211,1935,4,27,74.00000
80211,1935,4,28,71.50000
80211,1935,4,29,73.50000
80211,1935,4,30,73.50000
80211,1935,5,1,73.50000
80211,1935,5,2,74.00000
80211,1935,5,3,77.00000
80211,1935,5,4,75.00000
80211,1935,5,5,78.00000
80211,1935,5,6,78.00000
80211,1935,5,7,77.50000
80211,1935,5,8,77.50000
80211,1935,5,9,76.50000
80211,1935,5,10,74.00000
80211,1935,5,11,75.00000
80211,1935,5,12,75.50000
80211,1935,5,13,75.00000
80211,1935,5,14,76.50000
80211,1935,5,15,77.50000
80211,1935,5,16,79.00000
80211,1935,5,17,80.00000
80211,1935,5,18,75.00000
80211,1935,5,19,80.00000
80211,1935,5,20,75.50000
80211,1935,5,21,80.50000
80211,1935,5,22,77.50000
80211,1935,5,23,77.50000
80211,1935,5,24,75.00000
80211,1935,5,25,71.50000
80211,1935,5,26,71.00000
80211,1935,5,27,72.50000
80211,1935,5,28,74.50000
80211,1935,5,29,76.00000
80211,1935,5,30,76.50000
80211,1935,5,31,77.50000
80211,1935,6,1,77.50000
80211,1935,6,2,79.50000
80211,1935,6,3,80.50000
80211,1935,6,4,76.50000
80211,1935,6,5,77.50000
80211,1935,6,6,77.50000
80211,1935,6,7,78.50000
80211,1935,6,8,79.50000
80211,1935,6,9,79.50000
80211,1935,6,10,80.50000
80211,1935,6,11,80.00000
80211,1935,6,12,79.00000
80211,1935,6,13,79.00000
80211,1935,6,14,81.00000
80211,1935,6,15,81.50000
80211,1935,6,16,82.50000
80211,1935,6,17,82.50000
80211,1935,6,18,86.00000
80211,1935,6,19,81.50000
80211,1935,6,20,83.00000
80211,1935,6,21,82.50000
80211,1935,6,22,80.00000
80211,1935,6,23,77.50000
80211,1935,6,24,80.00000
80211,1935,6,25,79.50000
80211,1935,6,26,80.00000
80211,1935,6,27,79.00000
80211,1935,6,28,79.00000
80211,1935,6,29,82.00000
80211,1935,6,30,78.50000
80211,1935,7,1,79.50000
80211,1935,7,2,79.00000
80211,1935,7,3,81.50000
80211,1935,7,4,80.50000
80211,1935,7,5,81.00000
80211,1935,7,6,82.50000
80211,1935,7,7,80.50000
80211,1935,7,8,81.00000
80211,1935,7,9,85.50000
80211,1935,7,10,84.00000
80211,1935,7,11,83.00000
80211,1935,7,12,82.50000
80211,1935,7,13,80.00000
80211,1935,7,14,80.00000
80211,1935,7,15,81.00000
80211,1935,7,16,81.50000
80211,1935,7,17,78.50000
80211,1935,7,18,79.50000
80211,1935,7,19,79.00000
80211,1935,7,20,78.50000
80211,1935,7,21,80.50000
80211,1935,7,22,81.50000
80211,1935,7,23,78.50000
80211,1935,7,24,79.50000
80211,1935,7,25,80.50000
80211,1935,7,26,82.00000
80211,1935,7,27,81.50000
80211,1935,7,28,83.50000
80211,1935,7,29,83.00000
80211,1935,7,30,85.00000
80211,1935,7,31,80.50000
80211,1935,8,1,82.50000
80211,1935,8,2,85.00000
80211,1935,8,3,84.50000
80211,1935,8,4,85.50000
80211,1935,8,5,87.50000
80211,1935,8,6,85.00000
80211,1935,8,7,85.00000
80211,1935,8,8,84.50000
80211,1935,8,9,85.50000
80211,1935,8,10,84.50000
80211,1935,8,11,83.50000
80211,1935,8,12,83.00000
80211,1935,8,13,82.00000
80211,1935,8,14,78.50000
80211,1935,8,15,82.50000
80211,1935,8,16,82.50000
80211,1935,8,17,81.50000
80211,1935,8,18,81.00000
80211,1935,8,19,82.00000
80211,1935,8,20,83.00000
80211,1935,8,21,84.50000
80211,1935,8,22,82.00000
80211,1935,8,23,80.00000
80211,1935,8,24,81.50000
80211,1935,8,25,77.50000
80211,1935,8,26,77.00000
80211,1935,8,27,76.50000
80211,1935,8,28,76.00000
80211,1935,8,29,79.50000
80211,1935,8,30,81.50000
80211,1935,8,31,79.50000
80211,1935,9,1,80.00000
80211,1935,9,2,81.00000
80211,1935,9,3,82.00000
80211,1935,9,4,78.00000
80211,1935,9,5,82.50000
80211,1935,9,6,84.50000
80211,1935,9,7,81.50000
80211,1935,9,8,83.00000
80211,1935,9,9,84.00000
80211,1935,9,10,78.50000
80211,1935,9,11,81.50000
80211,1935,9,12,81.50000
80211,1935,9,13,77.00000
80211,1935,9,14,76.00000
80211,1935,9,15,77.00000
80211,1935,9,16,76.50000
80211,1935,9,17,73.00000
80211,1935,9,18,72.50000
80211,1935,9,19,74.50000
80211,1935,9,20,76.00000
80211,1935,9,21,75.00000
80211,1935,9,22,74.00000
80211,1935,9,23,75.50000
80211,1935,9,24,76.50000
80211,1935,9,25,74.50000
80211,1935,9,26,76.00000
80211,1935,9,27,77.00000
80211,1935,9,28,77.50000
80211,1935,9,29,78.00000
80211,1935,9,30,71.50000
80211,1935,10,1,74.50000
80211,1935,10,2,74.00000
80211,1935,10,3,71.00000
80211,1935,10,4,74.00000
80211,1935,10,5,72.50000
80211,1935,10,6,75.50000
80211,1935,10,7,64.50000
80211,1935,10,8,63.50000
80211,1935,10,9,68.50000
80211,1935,10,10,71.00000
80211,1935,10,11,73.00000
80211,1935,10,12,75.50000
80211,1935,10,13,75.50000
80211,1935,10,14,75.50000
80211,1935,10,15,74.50000
80211,1935,10,16,76.00000
80211,1935,10,17,72.50000
80211,1935,10,18,71.00000
80211,1935,10,19,74.00000
80211,1935,10,20,73.50000
80211,1935,10,21,73.50000
80211,1935,10,22,72.50000
80211,1935,10,23,73.50000
80211,1935,10,24,75.00000
80211,1935,10,25,68.00000
80211,1935,10,26,64.50000
80211,1935,10,27,68.50000
80211,1935,10,28,74.50000
80211,1935,10,29,77.00000
80211,1935,10,30,73.00000
80211,1935,10,31,73.00000
80211,1935,11,1,77.00000
80211,1935,11,2,75.50000
80211,1935,11,3,70.50000
80211,1935,11,4,73.00000
80211,1935,11,5,73.00000
80211,1935,11,6,74.50000
80211,1935,11,7,76.50000
80211,1935,11,8,75.00000
80211,1935,11,9,66.00000
80211,1935,11,10,72.00000
80211,1935,11,11,75.50000
80211,1935,11,12,75.00000
80211,1935,11,13,63.00000
80211,1935,11,14,60.50000
80211,1935,11,15,63.50000
80211,1935,11,16,59.00000
80211,1935,11,17,54.00000
80211,1935,11,18,53.50000
80211,1935,11,19,58.50000
80211,1935,11,20,67.50000
80211,1935,11,21,60.50000
80211,1935,11,22,56.50000
80211,1935,11,23,47.50000
80211,1935,11,24,43.50000
80211,1935,11,25,46.00000
80211,1935,11,26,52.00000
80211,1935,11,27,60.50000
80211,1935,11,28,62.00000
80211,1935,11,29,53.50000
80211,1935,11,30,52.00000
80211,1935,12,1,57.00000
80211,1935,12,2,52.00000
80211,1935,12,3,42.50000
80211,1935,12,4,48.00000
80211,1935,12,5,47.50000
80211,1935,12,6,51.00000
80211,1935,12,7,58.00000
80211,1935,12,8,63.50000
80211,1935,12,9,64.50000
80211,1935,12,10,63.00000
80211,1935,12,11,55.50000
80211,1935,12,12,58.00000
80211,1935,12,13,50.00000
80211,1935,12,14,45.50000
80211,1935,12,15,50.50000
80211,1935,12,16,50.50000
80211,1935,12,17,44.00000
80211,1935,12,18,50.00000
80211,1935,12,19,56.00000
80211,1935,12,20,46.00000
80211,1935,12,21,36.00000
80211,1935,12,22,45.50000
80211,1935,12,23,45.00000
80211,1935,12,24,50.00000
80211,1935,12,25,44.00000
80211,1935,12,26,40.00000
80211,1935,12,27,35.00000
80211,1935,12,28,42.00000
80211,1935,12,29,58.50000
80211,1935,12,30,42.50000
80211,1935,12,31,44.00000
80211,1936,1,1,51.50000
80211,1936,1,2,58.00000
80211,1936,1,3,55.50000
80211,1936,1,4,57.00000
80211,1936,1,5,50.50000
80211,1936,1,6,60.00000
80211,1936,1,7,62.50000
80211,1936,1,8,59.50000
80211,1936,1,9,62.00000
80211,1936,1,10,56.50000
80211,1936,1,11,61.50000
80211,1936,1,12,53.50000
80211,1936,1,13,61.00000
80211,1936,1,14,59.00000
80211,1936,1,15,64.00000
80211,1936,1,16,57.50000
80211,1936,1,17,61.50000
80211,1936,1,18,63.50000
80211,1936,1,19,52.50000
80211,1936,1,20,42.00000
80211,1936,1,21,42.00000
80211,1936,1,22,49.00000
80211,1936,1,23,53.00000
80211,1936,1,24,46.00000
80211,1936,1,25,54.50000
80211,1936,1,26,60.00000
80211,1936,1,27,50.00000
80211,1936,1,28,36.50000
80211,1936,1,29,44.00000
80211,1936,1,30,45.00000
80211,1936,1,31,36.50000
80211,1936,2,1,37.00000
80211,1936,2,2,51.00000
80211,1936,2,3,59.00000
80211,1936,2,4,58.00000
80211,1936,2,5,46.50000
80211,1936,2,6,44.00000
80211,1936,2,7,44.50000
80211,1936,2,8,48.50000
80211,1936,2,9,49.00000
80211,1936,2,10,46.50000
80211,1936,2,11,41.00000
80211,1936,2,12,45.50000
80211,1936,2,13,58.00000
80211,1936,2,14,59.50000
80211,1936,2,15,57.00000
80211,1936,2,16,55.00000
80211,1936,2,17,52.00000
80211,1936,2,18,53.00000
80211,1936,2,19,46.00000
80211,1936,2,20,50.50000
80211,1936,2,21,55.00000
80211,1936,2,22,51.00000
80211,1936,2,23,52.50000
80211,1936,2,24,57.00000
80211,1936,2,25,60.00000
80211,1936,2,26,62.50000
80211,1936,2,27,59.50000
80211,1936,2,28,59.00000
80211,1936,2,29,55.50000
80211,1936,3,1,60.00000
80211,1936,3,2,58.00000
80211,1936,3,3,62.00000
80211,1936,3,4,61.50000
80211,1936,3,5,67.00000
80211,1936,3,6,64.00000
80211,1936,3,7,63.00000
80211,1936,3,8,62.50000
80211,1936,3,9,62.00000
80211,1936,3,10,66.00000
80211,1936,3,11,66.50000
80211,1936,3,12,61.00000
80211,1936,3,13,55.50000
80211,1936,3,14,58.50000
80211,1936,3,15,62.00000
80211,1936,3,16,63.50000
80211,1936,3,17,57.00000
80211,1936,3,18,53.50000
80211,1936,3,19,58.00000
80211,1936,3,20,58.50000
80211,1936,3,21,60.00000
80211,1936,3,22,61.50000
80211,1936,3,23,64.50000
80211,1936,3,24,67.00000
80211,1936,3,25,68.50000
80211,1936,3,26,70.00000
80211,1936,3,27,70.50000
80211,1936,3,28,63.00000
80211,1936,3,29,64.00000
80211,1936,3,30,69.50000
80211,1936,3,31,73.50000
80211,1936,4,1,72.00000
80211,1936,4,2,73.00000
80211,1936,4,3,58.00000
80211,1936,4,4,53.50000
80211,1936,4,5,67.00000
80211,1936,4,6,70.00000
80211,1936,4,7,66.00000
80211,1936,4,8,59.00000
80211,1936,4,9,69.50000
80211,1936,4,10,66.50000
80211,1936,4,11,65.50000
80211,1936,4,12,66.00000
80211,1936,4,13,66.00000
80211,1936,4,14,72.00000
80211,1936,4,15,74.50000
80211,1936,4,16,73.50000
80211,1936,4,17,69.50000
80211,1936,4,18,62.50000
80211,1936,4,19,61.00000
80211,1936,4,20,63.00000
80211,1936,4,21,65.50000
80211,1936,4,22,65.00000
80211,1936,4,23,67.50000
80211,1936,4,24,65.50000
80211,1936,4,25,67.50000
80211,1936,4,26,68.50000
80211,1936,4,27,70.00000
80211,1936,4,28,71.00000
80211,1936,4,29,71.50000
80211,1936,4,30,71.50000
80211,1936,5,1,72.00000
80211,1936,5,2,73.00000
80211,1936,5,3,75.50000
80211,1936,5,4,76.50000
80211,1936,5,5,72.00000
80211,1936,5,6,72.00000
80211,1936,5,7,74.50000
80211,1936,5,8,75.50000
80211,1936,5,9,74.00000
80211,1936,5,10,77.50000
80211,1936,5,11,76.00000
80211,1936,5,12,77.00000
80211,1936,5,13,76.00000
80211,1936,5,14,78.00000
80211,1936,5,15,75.00000
80211,1936,5,16,76.00000
80211,1936,5,17,76.00000
80211,1936,5,18,74.00000
80211,1936,5,19,74.50000
80211,1936,5,20,76.00000
80211,1936,5,21,76.00000
80211,1936,5,22,76.00000
80211,1936,5,23,74.50000
80211,1936,5,24,75.00000
80211,1936,5,25,76.00000
80211,1936,5,26,75.00000
80211,1936,5,27,74.50000
80211,1936,5,28,73.50000
80211,1936,5,29,74.50000
80211,1936,5,30,78.50000
80211,1936,5,31,73.00000
80211,1936,6,1,75.00000
80211,1936,6,2,78.50000
80211,1936,6,3,76.00000
80211,1936,6,4,78.00000
80211,1936,6,5,80.00000
80211,1936,6,6,81.00000
80211,1936,6,7,80.00000
80211,1936,6,8,79.00000
80211,1936,6,9,77.50000
80211,1936,6,10,79.00000
80211,1936,6,11,80.00000
80211,1936,6,12,78.50000
80211,1936,6,13,80.00000
80211,1936,6,14,79.00000
80211,1936,6,15,81.00000
80211,1936,6,16,83.00000
80211,1936,6,17,84.50000
80211,1936,6,18,81.50000
80211,1936,6,19,80.50000
80211,1936,6,20,81.00000
80211,1936,6,21,79.00000
80211,1936,6,22,79.50000
80211,1936,6,23,81.50000
80211,1936,6,24,81.50000
80211,1936,6,25,78.00000
80211,1936,6,26,77.50000
80211,1936,6,27,77.50000
80211,1936,6,28,82.00000
80211,1936,6,29,84.00000
80211,1936,6,30,83.50000
80211,1936,7,1,85.00000
80211,1936,7,2,84.00000
80211,1936,7,3,83.50000
80211,1936,7,4,83.00000
80211,1936,7,5,80.00000
80211,1936,7,6,82.50000
80211,1936,7,7,85.50000
80211,1936,7,8,84.00000
80211,1936,7,9,84.00000
80211,1936,7,10,82.50000
80211,1936,7,11,83.00000
80211,1936,7,12,82.00000
80211,1936,7,13,82.00000
80211,1936,7,14,78.50000
80211,1936,7,15,81.00000
80211,1936,7,16,85.00000
80211,1936,7,17,84.00000
80211,1936,7,18,81.00000
80211,1936,7,19,77.00000
80211,1936,7,20,82.00000
80211,1936,7,21,81.50000
80211,1936,7,22,79.00000
80211,1936,7,23,79.00000
80211,1936,7,24,80.50000
80211,1936,7,25,82.50000
80211,1936,7,26,83.00000
80211,1936,7,27,84.00000
80211,1936,7,28,86.00000
80211,1936,7,29,82.00000
80211,1936,7,30,79.50000
80211,1936,7,31,76.50000
80211,1936,8,1,78.50000
80211,1936,8,2,80.00000
80211,1936,8,3,81.50000
80211,1936,8,4,81.50000
80211,1936,8,5,80.50000
80211,1936,8,6,79.00000
80211,1936,8,7,78.50000
80211,1936,8,8,84.00000
80211,1936,8,9,82.00000
80211,1936,8,10,83.00000
80211,1936,8,11,81.00000
80211,1936,8,12,78.00000
80211,1936,8,13,76.50000
80211,1936,8,14,80.50000
80211,1936,8,15,80.50000
80211,1936,8,16,81.00000
80211,1936,8,17,82.50000
80211,1936,8,18,81.00000
80211,1936,8,19,81.50000
80211,1936,8,20,82.00000
80211,1936,8,21,81.00000
80211,1936,8,22,80.50000
80211,1936,8,23,83.50000
80211,1936,8,24,82.00000
80211,1936,8,25,82.00000
80211,1936,8,26,83.00000
80211,1936,8,27,85.00000
80211,1936,8,28,81.00000
80211,1936,8,29,83.00000
80211,1936,8,30,81.00000
80211,1936,8,31,79.50000
80211,1936,9,1,77.50000
80211,1936,9,2,81.00000
80211,1936,9,3,82.00000
80211,1936,9,4,82.50000
80211,1936,9,5,80.00000
80211,1936,9,6,78.00000
80211,1936,9,7,80.50000
80211,1936,9,8,80.50000
80211,1936,9,9,82.50000
80211,1936,9,10,82.00000
80211,1936,9,11,80.00000
80211,1936,9,12,81.00000
80211,1936,9,13,82.50000
80211,1936,9,14,80.50000
80211,1936,9,15,81.00000
80211,1936,9,16,79.00000
80211,1936,9,17,78.00000
80211,1936,9,18,81.00000
80211,1936,9,19,81.50000
80211,1936,9,20,82.00000
80211,1936,9,21,82.00000
80211,1936,9,22,82.00000
80211,1936,9,23,81.50000
80211,1936,9,24,83.50000
80211,1936,9,25,82.50000
80211,1936,9,26,80.00000
80211,1936,9,27,77.50000
80211,1936,9,28,79.50000
80211,1936,9,29,79.50000
80211,1936,9,30,80.00000
80211,1936,10,1,82.50000
80211,1936,10,2,78.50000
80211,1936,10,3,74.00000
80211,1936,10,4,76.00000
80211,1936,10,5,75.00000
80211,1936,10,6,77.50000
80211,1936,10,7,81.00000
80211,1936,10,8,77.50000
80211,1936,10,9,80.50000
80211,1936,10,10,73.50000
80211,1936,10,11,70.50000
80211,1936,10,12,66.00000
80211,1936,10,13,69.50000
80211,1936,10,14,73.00000
80211,1936,10,15,74.00000
80211,1936,10,16,78.50000
80211,1936,10,17,75.00000
80211,1936,10,18,69.50000
80211,1936,10,19,68.00000
80211,1936,10,20,68.50000
80211,1936,10,21,72.50000
80211,1936,10,22,74.50000
80211,1936,10,23,74.50000
80211,1936,10,24,77.00000
80211,1936,10,25,75.50000
80211,1936,10,26,76.00000
80211,1936,10,27,72.50000
80211,1936,10,28,67.00000
80211,1936,10,29,68.00000
80211,1936,10,30,63.50000
80211,1936,10,31,64.50000
80211,1936,11,1,69.50000
80211,1936,11,2,74.50000
80211,1936,11,3,74.50000
80211,1936,11,4,68.00000
80211,1936,11,5,61.00000
80211,1936,11,6,69.00000
80211,1936,11,7,68.00000
80211,1936,11,8,67.00000
80211,1936,11,9,69.50000
80211,1936,11,10,63.00000
80211,1936,11,11,61.50000
80211,1936,11,12,62.50000
80211,1936,11,13,59.00000
80211,1936,11,14,62.50000
80211,1936,11,15,63.50000
80211,1936,11,16,50.50000
80211,1936,11,17,52.00000
80211,1936,11,18,57.50000
80211,1936,11,19,59.00000
80211,1936,11,20,59.50000
80211,1936,11,21,64.00000
80211,1936,11,22,53.50000
80211,1936,11,23,53.50000
80211,1936,11,24,61.00000
80211,1936,11,25,58.00000
80211,1936,11,26,52.00000
80211,1936,11,27,44.00000
80211,1936,11,28,44.50000
80211,1936,11,29,52.00000
80211,1936,11,30,55.50000
80211,1936,12,1,54.00000
80211,1936,12,2,52.50000
80211,1936,12,3,61.50000
80211,1936,12,4,55.50000
80211,1936,12,5,56.00000
80211,1936,12,6,64.50000
80211,1936,12,7,60.00000
80211,1936,12,8,53.50000
80211,1936,12,9,48.50000
80211,1936,12,10,54.00000
80211,1936,12,11,58.50000
80211,1936,12,12,51.50000
80211,1936,12,13,48.50000
80211,1936,12,14,49.50000
80211,1936,12,15,52.50000
80211,1936,12,16,50.00000
80211,1936,12,17,56.00000
80211,1936,12,18,61.50000
80211,1936,12,19,54.50000
80211,1936,12,20,47.00000
80211,1936,12,21,48.50000
80211,1936,12,22,50.50000
80211,1936,12,23,55.50000
80211,1936,12,24,56.00000
80211,1936,12,25,56.50000
80211,1936,12,26,60.50000
80211,1936,12,27,59.50000
80211,1936,12,28,61.00000
80211,1936,12,29,61.50000
80211,1936,12,30,64.00000
80211,1936,12,31,64.50000
80211,1937,1,1,64.50000
